-- phpMyAdmin SQL Dump
-- version 4.7.9
-- https://www.phpmyadmin.net/
--
-- Hôte : 127.0.0.1:3306
-- Généré le :  ven. 22 mars 2019 à 15:12
-- Version du serveur :  5.7.21
-- Version de PHP :  7.2.4

SET SQL_MODE = "NO_AUTO_VALUE_ON_ZERO";
SET AUTOCOMMIT = 0;
START TRANSACTION;
SET time_zone = "+00:00";


/*!40101 SET @OLD_CHARACTER_SET_CLIENT=@@CHARACTER_SET_CLIENT */;
/*!40101 SET @OLD_CHARACTER_SET_RESULTS=@@CHARACTER_SET_RESULTS */;
/*!40101 SET @OLD_COLLATION_CONNECTION=@@COLLATION_CONNECTION */;
/*!40101 SET NAMES utf8mb4 */;

--
-- Base de données :  `soutenance`
--

-- --------------------------------------------------------

--
-- Structure de la table `admin`
--

DROP TABLE IF EXISTS `admin`;
CREATE TABLE IF NOT EXISTS `admin` (
  `id` int(11) NOT NULL AUTO_INCREMENT,
  `pseudo` text CHARACTER SET utf8 NOT NULL,
  `pass` text CHARACTER SET utf8 NOT NULL,
  `mail` varchar(255) CHARACTER SET utf8 NOT NULL,
  `register` tinyint(1) NOT NULL,
  `date_user` datetime NOT NULL,
  PRIMARY KEY (`id`),
  UNIQUE KEY `UC_admin` (`mail`)
) ENGINE=MyISAM AUTO_INCREMENT=123 DEFAULT CHARSET=latin1;

--
-- Déchargement des données de la table `admin`
--

INSERT INTO `admin` (`id`, `pseudo`, `pass`, `mail`, `register`, `date_user`) VALUES
(80, 'monsieur', 'azerty', 'fzef@fzef', 1, '2019-03-07 12:29:42'),
(121, 'toto', 'toto', 'toto@hotmail.fr', 1, '2019-03-22 12:27:41');

-- --------------------------------------------------------

--
-- Structure de la table `commentary`
--

DROP TABLE IF EXISTS `commentary`;
CREATE TABLE IF NOT EXISTS `commentary` (
  `id` int(11) NOT NULL AUTO_INCREMENT,
  `commentary` text CHARACTER SET utf8 NOT NULL,
  `register_valid` int(11) NOT NULL,
  `id_post` int(11) NOT NULL,
  `date_com` datetime NOT NULL,
  `name` varchar(255) CHARACTER SET utf8 NOT NULL,
  PRIMARY KEY (`id`)
) ENGINE=MyISAM AUTO_INCREMENT=378 DEFAULT CHARSET=latin1;

--
-- Déchargement des données de la table `commentary`
--

INSERT INTO `commentary` (`id`, `commentary`, `register_valid`, `id_post`, `date_com`, `name`) VALUES
(347, 'lol', 1, 109, '2019-03-18 12:47:54', 'monsieur'),
(348, 'lol', 1, 110, '2019-03-18 16:27:30', 'monsieur'),
(349, 'lolo', 1, 110, '2019-03-18 16:27:36', 'monsieur'),
(377, 'dqzda', 1, 108, '2019-03-22 12:27:20', 'monsieur'),
(355, 'lol', 1, 107, '2019-03-19 10:55:10', 'monsieur'),
(354, 'oua', 1, 109, '2019-03-19 10:53:11', 'monsieur'),
(357, 'lol', 1, 107, '2019-03-19 10:55:56', 'monsieur'),
(358, 'lol', 1, 107, '2019-03-19 10:56:02', 'lol'),
(360, 'Notre environnement est saturé d\'ondes en tous genres utilisés par nos appareils pour communiquer sans fil, mais dont la puissance est, en grande partie, perdue et qui finit absorbée par l\'environnement. Une équipe de chercheurs, provenant notamment du Massachusetts Institute of Technology (MIT), vient de publier, dans la revue scientifique Nature, un article dévoilant une nouvelle technologie destinée à transformer les ondes de type Wi-Fi en ', 1, 107, '2019-03-19 10:58:13', 'monsieur'),
(361, 'lol', 1, 107, '2019-03-19 11:07:42', 'monsieur'),
(363, 'titititit', 1, 107, '2019-03-20 16:05:10', 'toto'),
(371, 'bfcbcf', 1, 108, '2019-03-21 09:28:38', 'toto'),
(369, 'bfcb', 1, 108, '2019-03-21 09:28:26', 'toto'),
(375, 'kuyky', 0, 108, '2019-03-22 11:28:25', 'monsieur');

-- --------------------------------------------------------

--
-- Structure de la table `post`
--

DROP TABLE IF EXISTS `post`;
CREATE TABLE IF NOT EXISTS `post` (
  `id` int(11) NOT NULL AUTO_INCREMENT,
  `title` varchar(255) CHARACTER SET utf8 NOT NULL,
  `chapo` text CHARACTER SET utf8 NOT NULL,
  `contained` text CHARACTER SET utf8 NOT NULL,
  `author` varchar(255) CHARACTER SET utf8 NOT NULL,
  `date_post` datetime NOT NULL,
  PRIMARY KEY (`id`)
) ENGINE=MyISAM AUTO_INCREMENT=146 DEFAULT CHARSET=latin1;

--
-- Déchargement des données de la table `post`
--

INSERT INTO `post` (`id`, `title`, `chapo`, `contained`, `author`, `date_post`) VALUES
(107, 'Des chercheurs transforment le Wi-Fi en électricité', 'Pour alimenter sans batterie les appareils connectés du quotidien ou des implants en médecine, les derniers travaux des ingénieurs du MIT portent sur des antennes microscopiques capables de convertir un signal radio en un courant électrique.', 'Notre environnement est saturé d\'ondes en tous genres utilisés par nos appareils pour communiquer sans fil, mais dont la puissance est, en grande partie, perdue et qui finit absorbée par l\'environnement. Une équipe de chercheurs, provenant notamment du Massachusetts Institute of Technology (MIT), vient de publier, dans la revue scientifique Nature, un article dévoilant une nouvelle technologie destinée à transformer les ondes de type Wi-Fi en courant électrique pour alimenter les appareils électroniques.\r\n\r\nL\'idée est la même que celle utilisée par le constructeur Wiliot, présentée récemment. Dans ce cas précis, l\'utilisation des ondes avait pour but d\'alimenter une puce Bluetooth basse consommation pour créer des étiquettes sans-fil et sans batterie. Les antennes sont conçues uniquement pour délivrer quelques microwatts à un appareil spécifique, à l\'inverse de la technologie développée par le MIT qui peut s\'adapter à des usages beaucoup plus diversifiés.\r\nUne technologie utilisable à grande échelle\r\nTomás Palacios, l\'un des coauteurs de l\'article, pose la question qui a guidé les recherches : « Et si l\'on pouvait développer des systèmes électroniques recouvrant un pont ou une autoroute, ou bien les murs du bureau, apportant l\'intelligence électronique à tout ce qui nous entoure ? Comment alimenter ces appareils électroniques ? »\r\n\r\nLa technologie se base sur les antennes redresseuses, qui convertissent les ondes des fréquences radio en courant continu. Les chercheurs ont développé un système contenant une antenne radioélectrique flexible, qui convertit les ondes électromagnétiques en courant, cette fois-ci alternatif. Le signal passe alors par un semi-conducteur en deux dimensions, épais de seulement quelques atomes, pour être transformé en, courant continu. La flexibilité de ce système lui permet d\'être produit sous forme de rouleaux, laissant la possibilité d\'en recouvrir de grandes surfaces, comme les ponts ou les autoroutes pour reprendre l\'exemple du scientifique.\r\n\r\nPour cela, les chercheurs ont fait appel au disulfure de molybdène (MoS₂). Après avoir été exposé à certains produits chimiques, les atomes se réorganisent de manière à créer une diode Schottky. Celle-ci permet de convertir des signaux jusqu\'à 10 gigahertz, en minimisant la résistance série et la capacité parasite. Selon Xu Zhang, l\'auteur principal de l\'article, « une telle conception a permis de créer un appareil entièrement flexible, suffisamment rapide pour couvrir la plupart des bandes de radiofréquences utilisées par nos appareils électroniques du quotidien, comme le Wi-Fi, le Bluetooth, les réseaux mobiles, et bien d\'autres. »\r\nDe nombreuses applications possibles\r\nLes premiers prototypes ont une efficacité maximale d\'environ 40 %, en comparaison d\'appareils similaires existants en silicium ou arséniure de gallium, qui peuvent atteindre des taux de conversion de 50 ou 60 %, mais qui sont rigides et beaucoup plus chers à produire. Pour une utilisation typique, ces nouveaux appareils ont pu produire environ 40 microwatts lorsqu\'ils sont exposés à un signal Wi-Fi standard (environ 150 microwatts).\r\n\r\nDans un premier temps, cette technologie peu coûteuse pourrait être utilisée pour créer des appareils souples qui peuvent être portés, comme des appareils médicaux ou des objets connectés. Par exemple, de nombreux constructeurs travaillent actuellement sur des smartphones pliables, même si cette forme d\'alimentation ne serait pas encore assez puissante à l\'heure actuelle. Des chercheurs travaillent aussi déjà sur de minuscules appareils médicaux sous forme de cachets, qui communiquent sans-fil, et qui ne contiendraient pas de batterie potentiellement toxique pour le patient.', 'Fabrice Auclert Journaliste', '2019-03-19 17:20:35'),
(108, 'Goodyear invente le pneu pour voitures volantes', 'À l\'occasion du Salon international de l\'automobile de Genève, le manufacturier Goodyear a présenté un étonnant concept de pneumatique hybride, pour les voitures volantes, qui se transforme en rotors basculant pour le décollage vertical et le vol.', 'Alors qu\'Airbus, Uber, Google ou même Toyota développent des voitures volantes et des taxis aériens qui seront mis en service dans les prochaines années (dès 2020), les fabricants de pneus doivent adapter leur offre.\r\n\r\nAu Salon international de l\'automobile de Genève, Goodyear a dévoilé le prototype Aero « capable de faire office de pneu sur route, mais aussi d\'hélice ». Cette invention 2 en 1 bénéficie d\'une conception multimodale munie de rotors basculants. Les conducteurs (et pilotes) pourront ainsi passer sans peine de la conduite au vol : l\'engin servira de groupe motopropulseur au sol et d\'aéronef pour décoller. Grâce à la propulsion magnétique, ces roues sont assez résistantes pour supporter la grande vitesse de rotation nécessaire à un décollage vertical.\r\nFibre optique et IA\r\nLes pneus Aero seront équipés de capteurs à fibre optique et d\'une intelligence artificielle. Capables de surveiller eux-mêmes leur état d\'usure, ils intègrent un processeur IA qui les rend capables de communiquer avec d\'autres véhicules et avec des infrastructures. Ces fonctionnalités sont toujours en phase de développement. Pour le moment, Aero reste un prototype. Aucun véhicule existant n\'est encore en mesure d\'en bénéficier.', 'Futura avec l\'AFP-Relaxnews ', '2019-03-21 09:55:01'),
(109, 'L\'impression 3D passe à la vitesse de la lumière', 'Mis au point par des chercheurs californiens, ce nouveau procédé d\'impression 3D fonctionne grâce à un projecteur contrôlé par ordinateur, qui envoie des images en deux dimensions à travers un gel photosensible en rotation. À l\'arrivée, l\'impression est quasi instantanée et les objets sont plus lisses.', 'L\'impression 3D se développe et de nombreux constructeurs utilisent des techniques et matières différentes pour se démarquer. Elle fonctionne en déposant une matière sous forme liquide, qui durcit ensuite. Mais cette technologie, également appelée fabrication additive, présente deux défauts principaux. L\'imprimante utilise généralement une technique d\'impression en 2D, en couches successives pour créer le volume. Cela nécessite beaucoup de temps, l\'impression durant généralement plusieurs heures, et la matière utilisée impose des limites de forme et de taille aux objets.\r\n\r\nUn groupe de chercheurs de la Californie a mis au point une approche différente de l\'impression 3D qui n\'est pas sans rappeler les réplicateurs de la série Star Trek. Cette nouvelle technique, que les chercheurs ont baptisée fabrication additive volumétrique par reconstruction tomographique, ou plus simplement lithographie axiale calculée, permet de créer des objets en quelques minutes, en se basant sur une technologie utilisée en radiothérapie, pour délivrer des doses de radiations de manière précise à des patients atteints du cancer. Ils ont créé une machine capable d\'imprimer l\'intégralité des objets simultanément, éliminant ainsi tout besoin de structures de support nécessaires pour imprimer certaines formes avec les techniques classiques. En évitant la méthode par couches, les objets produits ont une finition beaucoup plus lisse.\r\nDes objets plus complexes et lisses\r\nCe nouveau procédé fonctionne grâce à un projecteur contrôlé par ordinateur qui envoie des images en deux dimensions à travers un gel photosensible en rotation. Il s\'agit d\'images de l\'objet à créer sous différents angles, qui sont synchronisées avec la rotation du matériau. Lorsque les photons arrivant sous des angles différents se croisent, le gel durcit. L\'objet apparaît alors progressivement, tel un fantôme. Une fois terminé, le reste du gel peut être évacué grâce à un rinçage avec un solvant, laissant l\'objet solide entier. La précision est de l\'ordre de 0,3 millimètre en utilisant des polymères acryliques. La machine peut également utiliser un hydrogel de méthacrylate de gélatine (GeIMA) pour créer des structures souples, avec des surfaces exceptionnellement lisses. Ce procédé permet un choix de résines plus larges. Les techniques plus classiques imposent une certaine viscosité pour pouvoir déposer la résine sous une forme liquide. Cette méthode peut donc utiliser des matériaux ayant une viscosité très élevée.\r\nLes objets imprimés par les chercheurs sont de l\'ordre de quelques centimètres, mais certains sont assez complexes. Ils ont par exemple imprimé une réplique de la statue du Penseur de Rodin. Ces objets ont nécessité entre 30 secondes et cinq minutes. De plus, il est possible d\'insérer des objets à l\'intérieur du gel pour imprimer l\'objet autour. Cela permet de construire des objets avec différents matériaux. Les chercheurs ont pu ainsi créer un manche autour d\'une tige de tournevis. La technique pourrait également servir à encapsuler des appareils électroniques sensibles.', 'Fabrice Auclert Journaliste', '2019-03-19 17:22:00'),
(110, 'Avec les HoloLens 2, Microsoft passe aux choses sérieuses', 'Le nouveau casque de réalité augmentée HoloLens 2 de Microsoft introduit plusieurs améliorations majeures, dont un champ de vision élargi et la détection du regard.', 'Comme attendu, Microsoft est venu au Mobile World Congress (MWC) avec une nouvelle version de son casque de réalité augmentée, les HoloLens 2. Par rapport au modèle original dévoilé en 2015, les évolutions sont nombreuses pour rendre l\'appareil plus confortable, plus immersif et plus pratique à utiliser.\r\n\r\nCommençons par la nouveauté la plus marquante qui concerne l\'agrandissement du champ de vision. Microsoft dit l\'avoir doublé par rapport aux HoloLens pour atteindre 52 degrés tout en conservant une densité d\'affichage de 47 pixels par degré. Cette immersion renforcée est complétée par la détection de 21 points d\'articulation sur les mains qui permet de manipuler les objets holographiques comme s\'il s\'agissait d\'objets réels.\r\nLes HoloLens 2 coûtent 3.500 dollars\r\nL\'autre évolution importante est l\'introduction de la détection du regard (eye tracking) grâce à des capteurs qui vont suivre le mouvement des yeux. Le système est compatible avec le dispositif de sécurité Windows Hello pour se connecter à un compte Microsoft via la reconnaissance de l\'iris. L\'ergonomie a également été revue en profondeur avec une visière relevable qui autorise désormais le port des lunettes de vue, un centre de gravité plus équilibré et le recours à la fibre de carbone pour gagner un peu de poids.\r\n\r\nMicrosoft promet, par ailleurs, que la plateforme HoloLens 2 sera ouverte afin d\'encourager le portage d\'applications et jeux. Mais, malgré ces progrès conséquents, ce casque de réalité augmentée n\'est pas encore un produit destiné au grand public. À 3.500 dollars, il s\'adresse d\'abord aux professionnels qui voudront s\'en servir pour développer des outils de formation, des guides de montage pour l\'industrie ou à des développeurs. Les HoloLens 2 sont disponibles en précommande et arriveront ultérieurement dans l\'année.\r\nRéalité virtuelle : Microsoft pourrait mettre l\'eye-tracking dans les Hololens 2\r\nArticle de Fabrice Auclert, le 20/02/2019\r\n\r\nDeux brevets mis à jour par Microsoft concernent le casque virtuel Hololens. Ils laissent présager un meilleur champ de vision et l\'intégration de la technologie eye-tracking.\r\n\r\nMême s\'il a abandonné le marché des smartphones, Microsoft sera présent au Mobile World Congress (MWC), organisé du 25 au 28 février prochain à Barcelone. Il se murmure que le géant de l\'informatique devrait créer l\'événement en dévoilant la nouvelle version de son casque de réalité virtuelle, Hololens 2.\r\n\r\nAu menu, des composants dernier cri comme un processeur Qualcomm SnapDragon 850, semblable à ce qu\'on voit dans les meilleurs smartphones, et sans doute un champ de vision élargi ainsi que le suivi des yeux, baptisé eye-tracking. Pourquoi « sans doute » ? Tout simplement parce que Microsoft vient de mettre à jour deux brevets liés à ces fonctions et c\'est Windows Latest qui a déniché ces nouveautés. \r\n\r\nDe nouvelles applications possibles\r\nLe premier évoque un ajustement des lentilles holographiques afin d\'élargir le champ de vision du casque jusque là limité à 30 %. La difficulté pour le fabricant est d\'augmenter le champ de vision, tout en évitant d\'alourdir le casque. En plaçant les lentilles plus près de l\'œil, le champ de vision est accru, et c\'est ce que prétend réaliser ce brevet.\r\n\r\nQuant au second, il se concentre sur l\'eye-tracking pour permettre au casque de détecter les mouvements du regard. Pour cela, le brevet parle d\'une source de lumière infrarouge et d\'un miroir de balayage micro-électromécanique (MEMS) pour diriger la lumière infrarouge le long de son rayon, ainsi qu\'un capteur pour détecter la lumière réfléchie par les yeux. Cette nouvelle fonction permettrait d\'utiliser le casque virtuel pour un plus grand nombre d\'applications, tout en accentuant encore davantage le réalisme.\r\nRéalité augmentée : Microsoft prépare de nouvelles lunettes HoloLens pour 2019\r\nArticle publié par Futura Relaxnews le 23/02/2017\r\n\r\nAlors que la première version des lunettes de réalité augmentée HoloLens s\'adressait aux développeurs, Microsoft travaille sur un nouveau modèle vraisemblablement plus compact et plus abordable. Il n\'arrivera pas avant 2019.\r\n\r\nMicrosoft plancherait déjà sur une deuxième génération de ses lunettes de réalité augmentée HoloLens, plus aboutie et adaptée au grand public, qui pourrait sortir en 2019, selon le site spécialisé Thurrott.\r\n\r\nLes remplaçantes des HoloLens seraient donc disponibles courant 2019, soit trois ans après la première vague de commercialisation des lunettes. Sorties dans un premier temps uniquement aux États-Unis et au Canada, elles ont ensuite progressivement été mises en vente fin 2016 dans d\'autres pays, dont la France, pour la modique somme de 3.299 euros. À ce prix-là évidemment, il ne s\'agit pas encore d\'une version grand public, mais davantage d\'un kit de développement pour professionnels.\r\n\r\nLes nouvelles HoloLens seront plus légères et moins chères\r\nEt pour que cela change, que ce produit soit accessible à tous, le prochain modèle devra nécessairement gagner en taille et en légèreté tout en proposant une batterie suffisamment endurante pour des usages quotidiens, qu\'il s\'agisse de jouer, de se divertir, voire même de travailler.\r\n\r\nPour rappel, l\'ambition de Microsoft avec ce produit dépasse largement le cadre de la « simple » réalité virtuelle telle que proposée via des casques comme l\'Oculus Rift, le HTC Vive ou le PlayStation VR. L\'idée, avec HoloLens, est d\'évoluer dans un environnement amélioré, de pouvoir interagir dans ce que l\'on appelle une réalité augmentée ou mixte. La démocratisation de cette technologie prendra forcément des années.\r\nRéalité augmentée : les HoloLens de Microsoft lancées début 2016\r\nArticle de Marc Zaffagni paru le 7/10/2015\r\n\r\nMicrosoft vient d\'annoncer une première étape dans la commercialisation de son dispositif de réalité augmentée HoloLens. Une version destinée aux développeurs sera proposée à partir du premier trimestre 2016 à un tarif dépassant les 2.500 euros. \r\n\r\nEn janvier dernier, Microsoft créait l\'événement en dévoilant son projet de lunettes de réalité augmentée HoloLens. Présenté comme un « ordinateur holographique » sous Windows 10, il s\'agit d\'un dispositif autonome qui permet de visualiser des images en 3D immergées dans notre environnement. Les objets virtuels peuvent être manipulés, observés sous tous les angles et réagir aux interactions humaines.\r\n\r\nMicrosoft vante une utilisation aussi bien ludique que professionnelle ou éducative. Le géant américain a distillé plusieurs démonstrations impressionnantes dévoilant notamment comment les HoloLens peuvent plonger un joueur dans un Minecraft en 3D ou encore servir à enseigner l’anatomie. Il est même question d\'envoyer une paire de ces lunettes high-tech dans la Station spatiale internationale pour aider les astronautes.\r\n\r\nÀ l\'occasion d\'une conférence de presse destinée à dévoiler de nouveaux smartphones (Lumia 950 et 950 XL) et PC hybrides (Surface Pro 4 et Surface Book), Microsoft a profité de l\'occasion pour régaler l\'assistance d\'une nouvelle démonstration une fois encore assez bluffante.\r\n\r\nUne pièce transformée en jeu vidéo avec Project X-Ray\r\nBaptisée « Project X-Ray », il s\'agit d\'un jeu vidéo dit de « réalité mixte » où le joueur équipé d\'HoloLens et d\'une manette sans fil combat des aliens qui surgissent dans le décor réel. Les murs de la pièce explosent sous les tirs des envahisseurs qui s\'engouffrent et attaquent à coup de canon laser. Un concept qui rappelle le projet RoomAlive qui transforme une pièce en jeu vidéo.\r\n\r\nDans « Project X-Ray », le joueur esquive les tirs et réplique, transformant son salon en champ de bataille. Grâce aux capteurs présents dans les lunettes, les hologrammes suivent les déplacements du joueur et s\'adaptent à la configuration de la pièce. Dans sa main, il tient non pas la manette sans fil mais un pistolet laser futuriste superposé en réalité augmentée. Il peut à tout moment changer d\'arme ou activer un bouclier virtuel pour se protéger.\r\nUn champ de vision plus restreint en pratique\r\nPour aussi impressionnantes qu\'elles soient, les démonstrations orchestrées par Microsoft présentent non pas le fonctionnement exact des HoloLens mais une vision du type de réalité augmentée à laquelle elles peuvent conduire. En pratique, le champ de vision réel que perçoit la personne qui porte les lunettes est beaucoup plus restreint. On peut s\'en rendre compte dans cette vidéo YouTube sur l\'application d\'enseignement de l\'anatomie. À 1 mn 25 s, on peut voir la fenêtre d\'affichage réel et constater qu\'une partie des informations présentes à l\'écran sont en fait tronquées.\r\n\r\nCeci n\'enlève rien au potentiel énorme de ce système, mais il faut relativiser l\'effet d\'immersion qu\'il procure. Quoi qu\'il en soit, nous aurons d\'ici quelques mois tout loisir de découvrir les véritables possibilités qu\'offrent les HoloLens. Microsoft a en effet annoncé qu\'il allait commercialiser une version destinée aux développeurs. Ces professionnels vont pouvoir plancher sur des applications dans tous les domaines possibles et ainsi offrir un meilleur aperçu de ce à quoi s\'attendre à court terme. Cette Development Edition sera disponible dans le courant du premier trimestre 2016. Commercialisée dans un premier temps aux États-Unis et au Canada, elle coûtera 3.000 dollars, soit un peu plus de 2.600 euros.', 'Marc Zaffagni Journaliste ', '2019-03-19 17:21:44'),
(111, 'Hyperloop Transportation Technologies annonce que son tunnel d\'essai de Toulouse est prêt', 'Long de 320 mètres, ce tunnel d\'essai Hyperloop est le premier du genre à taille réelle. Il servira à tester la capsule Hyperloop d\'Hyperloop Transportation Technologies dans une configuration passagers et fret.', 'Il y a deux ans de cela, Hyperloop Transportation Technologies (HTT) annonçait la création d\'un centre de recherche et développement à Toulouse, sur l\'ancienne base militaire de Francazal. Cette entreprise américaine, engagée dans le développement du train subsonique, avait alors indiqué qu\'il utiliserait le site pour concevoir une capsule Hyperloop ainsi qu\'un tunnel d\'essai à taille réelle. La capsule a été achevée en octobre dernier et le tunnel d\'essai sera bientôt opérationnel.\r\n\r\nHyperloop Transportation Technologies vient de partager une série de photos montrant l\'infrastructure, en indiquant que l\'assemblage d\'un premier tronçon de 320 mètres était achevé. Le tunnel d\'essai est composé de seize tubes de 20 mètres de long d\'un diamètre intérieur de quatre mètres qui ont été fabriqués en Espagne par Haizea Group. HTT prévoit d\'ajouter d\'ici fin 2019 un deuxième tunnel d\'essai d\'un kilomètre de long qui sera érigé sur des pylônes à 5,8 mètres de haut.\r\nLes premiers essais à partir d’avril\r\nLa prochaine étape sera l\'installation du système de mise à vide du tunnel avant les premiers essais avec la capsule Hyperloop qui sont prévus à partir du mois d\'avril. Mesurant 32 mètres de long, la capsule Quintero One ménage un espace de 15 mètres réservé aux passagers. Elle a été construite en Espagne par les entreprises Carbures et Inypsa, qui ont fusionné sous le nom d\'Artificial.\r\n\r\nLe tunnel d\'essai d\'HTT servira à tester des versions passagers mais aussi fret de la capsule. L\'entreprise a prévu d\'investir environ 40 millions d\'euros sur cinq ans dans ce site français. « Notre système à Toulouse sera le seul à être entièrement assuré et certifié par les principales agences mondiales en matière de sécurité », a indiqué Bibop Gresta, président d\'Hyperloop Transportation Technologies, cité par Reuters.\r\n\r\nPOUR EN SAVOIR PLUS\r\nHyperloop Transportation Technologies dévoile sa capsule de transport de passagers\r\nArticle de Marc Zaffagni, le 3/10/2018\r\n\r\nLongue de 32 mètres, la capsule Hyperloop Quintero One d\'HyperloopTT a été assemblée en Espagne et sera finalisée dans le centre de R&D que l\'entreprise a installé à Toulouse. HTT annonce une version finale prête à accueillir des passagers pour l\'année prochaine.\r\n\r\nAprès nous avoir montré l\'intérieur de sa capsule Hyperloop en mars 2017, Hyperloop Transportation Technologies (HyperloopTT) vient de lever le voile sur son premier prototype à taille réelle. Baptisée Quintero One, la capsule a été construite en Espagne par les entreprises Carbures et Inypsa, spécialisées dans les matériaux composites pour l\'aéronautique, qui ont fusionné sous le nom d\'Artificial.\r\n\r\nLa Quintero One mesure 32 mètres de long pour un espace de 15 mètres réservé aux passagers. À l\'époque de la présentation de la cabine, HyperloopTT avait indiqué qu\'elle pourrait accueillir entre 28 et 40 personnes. Des écrans insérés dans les parois intérieures se chargeront de diffuser des informations par réalité augmentée. Il n\'y aura pas de fenêtres sur l\'extérieur étant donné que l\'Hyperloop circulera dans un tunnel.\r\nUn matériau composite nommé Vibranium\r\nLa capsule que nous découvrons ici est fabriquée dans un matériau composite double couche « intelligent » baptisé Vibranium. Il n\'y a sans doute aucun rapport avec le costume en vibranium du héros Marvel Black Panther qui contrôle l\'énergie cinétique. La vidéo, ci-dessus, nous montre l\'utilisation massive de fibre de carbone dont Carbures et Inypsa sont des spécialistes.\r\n\r\nLa capsule Quintero One sera prochainement acheminée en France, au centre de R&D de Toulouse qu\'HyperloopTT a inauguré l\'année dernière, pour y finaliser sa construction. L\'entreprise annonce qu\'elle sera prête à accueillir des passagers en 2019. Il sera alors temps d\'entamer les tests sur un tunnel d\'essai long d\'un kilomètre dont la construction est en cours à Toulouse.\r\n\r\nHyperloop : la première capsule sera construite à Toulouse\r\nArticle de Marc Zaffagni, paru le 23/03/2017\r\n\r\nLa société Hyperloop Transportation Technologies vient d\'engager la fabrication de sa capsule de train subsonique. Longue de 30 mètres pour un poids de 20 tonnes, elle pourrait emporter jusqu\'à 40 passagers. Ce prototype sera assemblé en France dans un centre de R&D installé à Toulouse.\r\n\r\nSi l\'on entend beaucoup parler du concept d\'Hyperloop et de ses promesses de transport à grande vitesse, les éléments concrets de son développement sont encore assez partiels. Plusieurs entreprises (Hyperloop One, Hyperloop Transportation Technologies, TransPod, Arrivo) sont au coude à coude pour faire aboutir ce projet de train subsonique. Parmi elles, Hyperloop One et Hyperloop Transportation Technologies (HTT) sont, à ce jour, les plus avancées.\r\n\r\nEn mai 2016, Hyperloop One a réalisé un premier test assez sommaire et avance depuis sur la fabrication d\'un tunnel d’essai qui devrait être opérationnel d\'ici la fin du premier semestre. Plus récemment, SpaceX, l\'entreprise d\'Elon Musk, l\'initiateur du projet Hyperloop, a sélectionné trois prototypes de capsules conçus par des universités. Mais on avait encore très peu d\'informations concrètes sur la configuration finale d\'une capsule Hyperloop censée évoluer à plus de 1.200 km/h dans ces tubes basse pression.\r\n\r\nC\'est désormais chose faite avec l\'annonce d\'Hyperloop Transportation Technologies qui va entamer la fabrication d\'un prototype à taille réelle. Dans une vidéo publiée sur YouTube, l\'entreprise donne un certain nombre de détails techniques qui permettent de se faire une idée un peu plus précise. Fabriquée en partenariat avec l\'entreprise espagnole Carbures, spécialisée dans les matériaux composites pour l\'aéronautique, elle mesurera 30 mètres de long pour 2,7 mètres de diamètre et 20 tonnes.\r\nUn départ d\'Hyperloop toutes les 40 secondes\r\nLa « Passenger Hyperloop Capsule » pourra transporter de 28 à 40 passagers. Selon Hyperloop Transportation Technologies, les départs de capsules pourront s\'enchainer toutes les 40 secondes, offrant la possibilité de transporter jusqu\'à 164.000 passagers quotidiennement. Malheureusement, aucune information technique précise n\'est fournie concernant la technologie de propulsion par sustentation magnétique passive, le système de batterie et leur remplacement ou charge rapide à l\'issue de chaque voyage.\r\n\r\nLe flou demeure également en ce qui concerne l\'aménagement intérieur de ces capsules. Dans sa vidéo promotionnelle, HTT montre furtivement ce qui semble être l\'intérieur de son prototype au design épuré et d\'un blanc immaculé. On ne voit que les parois dans lesquels sont ménagées de grandes ouvertes ovales qui seront en fait des écrans d\'affichage à réalité augmentée.\r\n\r\nLa construction de ce prototype se fera en France, dans le centre de recherche et développement de Toulouse qu\'Hyperloop Transportation Technologies a récemment officialisé. Une version finale de l\'engin doit être présentée début 2018. Elle sera ensuite testée sur un tunnel d\'essai de 8 kilomètres qui sera installé en Californie (États-Unis).\r\n\r\nUn centre de recherche va s\'installer en France\r\nArticle de Marc Zaffagni, paru le 25/01/2017\r\n\r\nHyperloop Transportation Technologies, l\'une des sociétés impliquées dans la conception du train subsonique promu par Elon Musk (Tesla, SpaceX), a annoncé la création d\'un centre de R&D à Toulouse, sur l\'ancienne base militaire de Francazal. La présence d\'Airbus et de nombreuses entreprises liées à l\'aérospatiale ont joué en faveur de la ville rose.\r\n\r\nIl y a une semaine, Hyperloop Transportation Technologies (HTT) annonçait la signature d\'un accord avec la municipalité de Brno (République tchèque) afin d\'étudier la création d\'une ligne reliant la ville à Bratislava (Slovaquie) distante de 130 kilomètres en 10 minutes. Afin de soutenir ce projet européen, et probablement d\'autres à venir, HTT a choisi d\'installer un centre de recherche et développement sur le Vieux Continent qui sera localisé non pas en Europe centrale, mais en France.\r\n\r\nL\'annonce est tombée sur Twitter. C\'est à Toulouse que ce centre de R&D sera installé, plus précisément dans un bâtiment de 3.000 m² sur l\'ancienne base militaire de Francazal. S\'y retrouveront environ trente ingénieurs et des doctorants qui plancheront sur des prototypes de capsules Hyperloop. Une piste d\'un kilomètre de long sera également construite pour réaliser des essais sur place.\r\n\r\n50 emplois créés et 37 millions d’euros d’investissement\r\nLe choix de Toulouse ne doit rien au hasard puisque la ville rose est un pôle de référence pour l\'aérospatiale, avec la présence d\'Airbus et de nombreuses entreprises spécialisées. Et HTT a justement prévu de puiser dans ce vivier en créant un Hyperloop Academy qui fera le lien avec les universités et les laboratoires de recherche ainsi que l\'Hyperloop Lab, un incubateur de jeunes pousses travaillant sur des technologies liées au projet de train subsonique.\r\n\r\nAu final, le site de Toulouse Francazal devrait permettre de créer une cinquantaine d\'emplois. HTT prévoit d\'y investir 40 millions de dollars soit un peu plus de 37,3 millions d\'euros au cours actuel.', 'Fabrice Auclert', '2019-03-18 17:40:24'),
(114, 'Drôle de Tech : surfez comme en 1990, des robots construisent leur propre musée et Porsche change de disque', 'Dans le viseur de Drôle de Tech cette semaine, revivez le Web tel qu\'il y a trente ans, l\'étonnante idée de Porsche pour célébrer ses victoires au Mans, un musée sur la robotique construit par des robots et les voitures autonomes de Google qui obéissent à monsieur l\'agent. Go !', 'Notre rendez-vous du weekend vous propose un regard décalé sur l\'actualité des nouvelles technologies. Le parti est de vous divertir, de vous surprendre et de vous faire rêver... ou soupirer.\r\n\r\nLe Web, il y a 30 ans…\r\nLe mois prochain, le Web soufflera ses 30 bougies. C\'est le 13 mars 1989 que Sir Tim Berners-Lee, alors chercheur au Cern (Conseil européen pour la recherche nucléaire) proposait son concept de système mondial d\'hypertexte pour le Cern qui posait les bases de ce qui deviendrait le World Wide Web. Un an plus tard, Tim Berners-Lee et Robert Cailliau créent le navigateur WorldWideWeb sur un ordinateur NeXT. La suite appartient désormais à l\'histoire. Une équipe du Cern a décidé de célébrer cet anniversaire en recréant une version WorldWideWeb que l\'on peut utiliser depuis un navigateur « moderne ». Pour ouvrir une page web, il faut sélectionner « document » dans le menu gauche, puis cliquer sur « open from full document reference », taper l\'url et enfin cliquer sur « open ». Ensuite, pour ouvrir un lien, il faut à chaque fois double-cliquer dessus. Bienvenue en 1990 !\r\n\r\nACTUALITÉ DES MARQUES\r\nLes 10 Jours du Design Danois\r\n\r\nDesign, confort et élégance. Jusqu\'a -15% sur tous les canapés* du 15 au 25 mars dans votre magasin BoConcept.\r\nSublimez vos dîners ! Jusqu\'à -15% sur toutes les tables, du 15 au 25 mars dans votre magasin BoConcept.\r\nPour un petit côté retro. Jusqu\'a -15% sur tous les canapés du 15 au 25 mars dans votre magasin BoConcept.\r\nUn pur moment de style. Jusqu\'a -15% sur tous les fauteuils du 15 au 25 mars dans votre magasin BoConcept.\r\nDonnez du style à votre salon ! Jusqu\'a -15% sur tous les canapés du 15 au 25 mars dans votre magasin BoConcept.\r\nDesign, confort et élégance. Jusqu\'a -15% sur tous les canapés* du 15 au 25 mars dans votre magasin BoConcept.\r\nSublimez vos dîners ! Jusqu\'à -15% sur toutes les tables, du 15 au 25 mars dans votre magasin BoConcept.\r\nPour un petit côté retro. Jusqu\'a -15% sur tous les canapés du 15 au 25 mars dans votre magasin BoConcept.\r\nUn pur moment de style. Jusqu\'a -15% sur tous les fauteuils du 15 au 25 mars dans votre magasin BoConcept.\r\nDonnez du style à votre salon ! Jusqu\'a -15% sur tous les canapés du 15 au 25 mars dans votre magasin BoConcept.\r\nDesign, confort et élégance. Jusqu\'a -15% sur tous les canapés* du 15 au 25 mars dans votre magasin BoConcept.\r\nSublimez vos dîners ! Jusqu\'à -15% sur toutes les tables, du 15 au 25 mars dans votre magasin BoConcept.\r\nPour un petit côté retro. Jusqu\'a -15% sur tous les canapés du 15 au 25 mars dans votre magasin BoConcept.\r\nUn pur moment de style. Jusqu\'a -15% sur tous les fauteuils du 15 au 25 mars dans votre magasin BoConcept.\r\nDonnez du style à votre salon ! Jusqu\'a -15% sur tous les canapés du 15 au 25 mars dans votre magasin BoConcept.\r\nInspired by\r\nPour en savoir plus : WorldWideWeb\r\n\r\n\r\nVoilà à quoi ressemble le site Futura version 1990. © Cern\r\nVoilà à quoi ressemble le site Futura version 1990. © Cern \r\n\r\nDes pneus de Porsche transformés en disques vinyles\r\nEn 2017, après trois victoires consécutives aux 24 Heures du Mans obtenues avec la Porsche 919 Hybrid, le constructeur allemand s\'est retiré de la compétition en LMP1. À ce jour, Porsche est le plus titré sur cette épreuve mythique avec 19 victoires. Pour célébrer ce glorieux palmarès, la marque a eu une idée pour le moins originale. Les pneumatiques Michelin utilisés lors de la dernière partie de la course par la 919 Hybrid ont été recyclés pour fabriquer une série limitée de 200 disques vinyles. Intitulés « 24 Minutes of Le Mans », ils contiennent 24 anecdotes d\'une minute narrant les aventures de Porsche sur le circuit du Mans. Aujourd\'hui même, 24 exemplaires sont mis aux enchères toutes les heures. Les bénéfices seront reversés à Loisirs Pluriel au Mans, une association qui soutient les enfants handicapés dans toute la France.\r\n\r\nPour en savoir plus : 24 Minutes of Le Mans \r\n\r\n\r\nL’histoire de Porsche aux 24 Heures du Mans racontée sur un disque vinyle pressé à partir des pneus de la dernière 919 Hybrid, victorieuse en 2017. © Porsche\r\n\r\nUn musée sur la robotique construit par des robots\r\nUn musée consacré aux robots construit par des robots. Quoi de plus logique finalement ? Le cabinet d\'architectes Melike Altinisik Architects a été retenu pour créer le Robot Science Museum à Séoul en Corée du Sud. Les maîtres d\'œuvre ont annoncé que des imprimantes 3D, des drones et d\'autres robots allaient participer au chantier. Les imprimantes 3D construiront des murs, des robots serviront à assembler, souder et polir les façades en métal du bâtiment en forme de dôme. Les drones, quant à eux, serviront à l\'inspection des bâtiments et au contrôle des véhicules de construction robotisés. Des humains seront tout de même impliqués dans la construction. Si tout se passe comme prévu, le musée sera achevé en 2022.\r\n\r\n\r\nUn rendu de l’intérieur du futur musée de la robotique de Séoul. © Ediz Akyalçın, Melike Altinisik Architects\r\nUn rendu de l’intérieur du futur musée de la robotique de Séoul. © Ediz Akyalçın, Melike Altinisik Architects \r\n\r\nUne voiture autonome de Google obéit à la police\r\nWaymo, la filiale d\'Alphabet (maison-mère de Google) dédiée aux voitures autonomes avait déjà formé ses algorithmes à reconnaître les véhicules d’urgence (ambulance, police, pompiers...) afin de leur céder la priorité. Dans une nouvelle vidéo, Waymo montre comment ses voitures autonomes sont désormais capables de reconnaître les gestes d\'un agent de police faisant la circulation à une intersection. Une avancée assez impressionnante qui servira au système à savoir réagir dans des situations imprévues, par exemple si un policier est amené à intervenir sur la voie suite à un accident ou une panne de feux tricolores.', 'Marc Zaffagni', '2019-03-19 09:49:37');
COMMIT;

/*!40101 SET CHARACTER_SET_CLIENT=@OLD_CHARACTER_SET_CLIENT */;
/*!40101 SET CHARACTER_SET_RESULTS=@OLD_CHARACTER_SET_RESULTS */;
/*!40101 SET COLLATION_CONNECTION=@OLD_COLLATION_CONNECTION */;
